項次,縣市,流向編號,場所名稱,地址,功能,場所類別,面積(m²),B1~B7核准填埋量(m³),B1~B7剩餘填埋量(m³),B1~B7核准處理量/年(m³),B6~B7核准處理量/年(m³),營運期限,收受土質,latitude,longitude,geocode_status
1,台北市,DCE05273,好名賸餘土石方及營建混合物資源處理場,台北市文山區木柵路5段58號,加工型、轉運型,私人團體設置土資場,8335.0,0.0,0.0,280000.0,0,2018/12/11~2026/12/31,B1、B2-1、B2-2、B2-3、B3、B4、B5,,,NOT_FOUND
2,台北市,DDA20254,亞太營建賸餘土石方及營建混合物資源處理場,台北市北投區大度路29號,加工型、轉運型,私人團體設置土資場,32315.0,0.0,0.0,641664.0,259200,2016/03/18~2027/12/31,B1、B2-1、B2-2、B2-3、B3、B4、B5、B6、B7,,,NOT_FOUND
3,台北市,DDK15004,德展土石方及營建混合物處理場,台北市北投區承德路七段393巷91號,轉運型,私人團體設置土資場,7301.0,0.0,0.0,402168.0,0,2017/03/28~2027/05/20,B1、B2-1、B2-2、B2-3、B3、B4、B5,,,NOT_FOUND
4,台北市,DFD28817,國際土石方資源堆置處理場,台北市北投區大度路三段151號,加工型、轉運型,私人團體設置土資場,13773.05,0.0,0.0,1113024.0,523776,2022/10/08~2027/10/07,B1、B2-1、B2-2、B2-3、B3、B4、B5、B6、B7,,,NOT_FOUND
5,台北市,DOC10111,天邑營建賸餘土石方資源再生處理場,台北市士林區延平北路七段176巷198號,加工型、轉運型,私人團體設置土資場,3125.0,0.0,0.0,432000.0,0,2015/03/03~2028/12/31,B1、B2-1、B2-2、B2-3、B3、B4、B5,,,NOT_FOUND
6,台北市,DOC17717,華冠賸餘土石方資源場,台北市北投區大度路27號,加工型、轉運型,私人團體設置土資場,3455.0,0.0,0.0,665280.0,0,~2029/01/14,B1、B2-1、B2-2、B2-3、B3、B4、B5,,,NOT_FOUND
7,台北市,DUG09011,浤欣賸餘土石方及營建混合物處理場,台北市北投區立賢路111號,加工型、轉運型,土資場兼營混合物,9791.45,0.0,0.0,308880.0,0,2024/10/08~2027/06/04,B1、B2-1、B2-2、B2-3、B3、B4、B5,,,NOT_FOUND
8,台北市,DYG01896,恆光橋土石方資源再生處理場,台北市北投區,加工型,私人團體設置土資場,7711.0,0.0,0.0,158400.0,0,2025/06/24~2028/06/23,B1、B2-1、B2-2、B2-3、B3、B4、B5,25.132419,121.501379,OK
9,新北市,DXG02769,萬達發營建剩餘土石方資源處理場,新北市八里區商港五路75號,加工型,私人團體設置土資場,7272.33,0.0,0.0,297990.0,0,2024/07/01~2029/07/01,B1、B2-1、B2-2、B2-3、B5,,,NOT_FOUND
10,新北市,DXE28518,亞泰營建剩餘土石方資源處理場,新北市林口區太平里12鄰汕頭3號,加工型,私人團體設置土資場,2196.671,0.0,0.0,726350.0,0,2024/05/23~2029/05/19,B1、B2-1、B2-2、B2-3、B3、B4、B5、B6、B7,,,NOT_FOUND
12,新北市,DPD15086,新五營建剩餘土石方資源處理場,新北市五股區新五路二段118號之1,加工型,私人團體設置土資場,10643.0,0.0,0.0,361350.0,0,2016/04/14~2026/04/13,B1、B2-1、B2-2、B2-3、B3、B4、B5、B6、B7,,,NOT_FOUND
13,新北市,DOL17531,宗記營建剩餘土石方資源處理場,新北市三峽區介壽路3段115號,加工型,私人團體設置土資場,3502.73,0.0,0.0,292000.0,0,2015/10/06~2026/10/05,B1、B2-1、B2-2、B2-3、B3、B5、B6、B7,,,NOT_FOUND
14,新北市,DNL31071,嘉寶營建剩餘土石方資源處理場,新北市林口區台15(西濱)公路17.5k附近,加工型,私人團體設置土資場,3257.0,0.0,0.0,361350.0,0,2022/12/29~2025/12/28,B1、B2-1、B2-2、B2-3、B3、B4、B5,,,NOT_FOUND
15,新北市,DJA15790,興磊營建剩餘土石方資源處理場,新北市樹林區田尾街31號之1,加工型,私人團體設置土資場,17275.44,0.0,0.0,620500.0,620500,2010/01/13~2026/01/12,B1、B2-1、B2-2、B2-3、B3、B4、B5、B6、B7,,,NOT_FOUND
17,新北市,DGA02356,長惟工業營建剩餘土石方資源處理場,新北市鶯歌區中正三路156巷,加工型,私人團體設置土資場,9584.05,0.0,0.0,361350.0,0,2006/12/29~2026/09/01,B1、B2-1、B2-2、B2-3、B3、B4、B5、B6、B7,24.9396271,121.3336259,OK
18,新北市,DGH15963,萬里中幅子土石方收容場(最終填埋),新北市萬里區中福路6-2號,填埋型,私人團體設置土資場,182625.0,2874733.0,994648.2,766500.0,0,2021/08/16~2027/08/15,B1、B2-1、B2-2、B2-3、B3、B4、B5,,,NOT_FOUND
19,新北市,DIA22915,長聯富企業有限公司樹林廠,新北市樹林區八德街228-1號,加工型,私人團體設置土資場,7332.62,0.0,0.0,505890.0,0,2024/03/08~2027/03/07,B1、B2-1、B2-3、B3、B4、B5、B6、B7,,,NOT_FOUND
20,新北市,DIA22622,樹林彭福段彭厝小段土石方資源堆置場,新北市樹林區環漢路5段2-2號,加工型,私人團體設置土資場,4014.0,0.0,0.0,182500.0,0,2023/01/15~2026/01/14,B1、B2-1、B2-2、B5,,,NOT_FOUND
21,新北市,DCK13097,遠嘉土石方資源堆置處理場,新北市樹林區東豐街30號,加工型,私人團體設置土資場,8439.14,0.0,0.0,547500.0,0,2019/11/14~2029/03/18,B1、B2-1、B2-2、B2-3、B3、B4、B5、B6、B7,,,NOT_FOUND
22,新北市,DEK17090,林口後坑土石方資源堆置場,新北市林口區太平里23之12號隔壁(北80縣道),填埋型,私人團體設置土資場,408982.1,9041300.9,1233229.4,1635200.0,0,2005/11/16~2029/07/31,B1、B2-1、B2-2、B2-3、B3、B4、B5、B6,,,NOT_FOUND
23,新北市,DEL22767,淳家土石方資源堆置場,新北市林口區東華路臨101之1號(台15西濱22K),加工型,私人團體設置土資場,44330.98,0.0,0.0,730000.0,0,2024/11/15~2027/11/14,B1、B2-1、B2-2、B2-3、B3、B4、B5、B6、B7,,,NOT_FOUND
24,新北市,DCF02529,元記實業營建剩餘土石方處理場,新北市鶯歌區中湖路258巷8號,加工型,私人團體設置土資場,17259.0,0.0,0.0,363540.0,0,2025/01/08~2030/01/09,B1、B2-1、B2-2、B2-3、B3、B4、B5,,,NOT_FOUND
25,基隆市,DMJ30109,基隆市信義區大水窟段月眉土石方資源堆置處理場(簡稱:月眉土資場),基隆市信義區六和街1之1號,填埋型,私人團體設置土資場,456150.5,8240036.0,3408983.0,768000.0,0,2024/01/01~2028/12/31,B1、B2-1、B2-2、B2-3、B3、B4、B5,,,NOT_FOUND
26,桃園市,DLA11372,財嘉昌股份有限公司,桃園市八德區長興路忠孝巷32號,加工型,砂石場,19912.83,0.0,0.0,557836.0,0,2022/01/01~2026/12/31,B1、B2-1、B5,,,NOT_FOUND
27,桃園市,DLF15481,佰歲興業股份有限公司,桃園市新屋區頭洲里青草坡2-1號,加工型,砂石場,10527.37,0.0,0.0,294803.0,0,2012/05/20~2027/05/20,B1、B2-1、B5,,,NOT_FOUND
28,桃園市,DXL26216,宥辰興業股份有限公司,桃園市八德區大竹段,加工型,砂石場,25357.0,0.0,0.0,712013.0,0,2024/12/23~2029/12/22,B1、B2-1、B5,,,NOT_FOUND
29,桃園市,DYD07552,旺泰股份有限公司,桃園市平鎮區快速一段200號,加工型,砂石場,10591.39,0.0,0.0,296905.0,0,2025/03/28~2030/03/27,B1、B2-1、B5,,,NOT_FOUND
30,桃園市,DYI26011,石鼎土石方資源堆置處理場,桃園市新屋區深圳里7鄰濱海路深圳段11號,加工型,私人團體設置土資場,14484.0,0.0,0.0,644000.0,0,2025/09/25~2030/09/24,B1、B2-1、B2-2、B2-3、B3、B4、B5、B6、B7,,,NOT_FOUND
31,桃園市,DEL22124,上福土石方資源堆置處理場,桃園市觀音區保障里8鄰52-27號,轉運型,私人團體設置土資場,17297.2,0.0,0.0,528000.0,0,2005/12/21~2028/12/20,B1、B2-1、B2-2、B2-3、B3、B4、B5、B6、B7,,,NOT_FOUND
32,桃園市,DEE03006,泰暘砂石有限公司,桃園市大園區圳頭里1鄰後館一路429號,加工型,砂石場,13663.0,0.0,0.0,360000.0,0,2020/04/29~2030/04/29,B1、B2-1、B2-2、B2-3、B5、B6、B7,,,NOT_FOUND
33,桃園市,DHA08483,石繶工業股份有限公司,桃園市蘆竹區南崁路二段142巷8-1號,加工型,砂石場,11438.99,0.0,0.0,358004.0,0,2018/01/01~2027/12/31,B1、B2-1、B5,,,NOT_FOUND
34,桃園市,DHA17765,巨讚實業有限公司,桃園市新屋區東福路521號,加工型,砂石場,19665.0,0.0,0.0,455520.0,0,2023/01/05~2028/01/04,B1、B2-1、B5,,,NOT_FOUND
35,桃園市,DHA21009,全國砂石廠,桃園市蘆竹區內厝里內厝108-6號,加工型,砂石場,29784.83,0.0,0.0,834886.0,0,2023/01/05~2028/01/04,B1、B2-1、B5,,,NOT_FOUND
36,桃園市,DHA23932,徐田企業股份有限公司,桃園市大園區圳頭里濱海路三段3號,加工型,砂石場,19354.0,0.0,0.0,230096.0,0,2023/01/05~2028/01/04,B1、B2-1、B5,,,NOT_FOUND
37,桃園市,DHA25007,鼎鐘實業行,桃園市新屋區頭洲里鼎鐘路210號,加工型,砂石場,17921.28,0.0,0.0,397120.0,0,2023/01/08~2028/01/07,B1、B2-1、B5,,,NOT_FOUND
38,桃園市,DHE21054,詠源土石方資源堆置轉運處理場,桃園市蘆竹區海湖里海湖北路306號,轉運型,私人團體設置土資場,17399.0,0.0,0.0,510000.0,0,2008/05/15~2028/05/15,B1、B2-1、B2-2、B2-3、B3、B4、B5,,,NOT_FOUND
39,桃園市,DHK03478,新品土石方資源堆置處理場,桃園市楊梅區高上路一段587號,轉運型,私人團體設置土資場,16210.0,0.0,0.0,480000.0,0,2018/11/01~2028/10/31,B1、B2-1、B2-2、B2-3、B3、B4、B5,,,NOT_FOUND
40,桃園市,DGH23454,保障土石方資源堆置處理場,桃園市觀音區保障里5鄰西濱路四段273號,轉運型,私人團體設置土資場,19273.53,0.0,0.0,720000.0,0,2022/08/21~2027/08/20,B1、B2-1、B2-2、B2-3、B3、B4、B5,,,NOT_FOUND
41,新竹市,DFD21753,日通營建剩餘土石方資源堆置場(顯耀股份有限公司),新竹市港北里西濱路一段1巷175號,加工型,私人團體設置土資場,29207.13,0.0,0.0,500000.0,0,2021/04/03~2026/04/02,B1、B2-1、B2-2、B2-3、B3、B4、B5,,,NOT_FOUND
42,新竹市,DHB25633,世峰土石方資源堆置及營建混合物資源處理場,新竹市海埔路500巷20-1號,加工型、轉運型,私人團體設置土資場,14407.59,0.0,0.0,693750.0,0,2023/02/21~2028/02/20,B1、B2-1、B2-2、B2-3、B3、B4、B5,,,NOT_FOUND
43,新竹市,DBD09517,榮新土石方資源堆置場(強富工程股份有限公司),新竹市嘉濱路76號,加工型、轉運型,私人團體設置土資場,14404.33,0.0,0.0,425000.0,0,2022/04/29~2027/04/28,B1、B2-1、B2-2、B2-3、B3、B4、B5,,,NOT_FOUND
44,新竹市,DEJ27276,廣柏土石方資源堆置及營建混合物處理場,新竹市,加工型、轉運型,私人團體設置土資場,17380.67,0.0,0.0,500000.0,0,2023/10/27~2028/10/26,B1、B2-1、B2-2、B2-3、B3、B4、B5,24.8066333,120.9686833,OK
45,新竹縣,DHD24715,全民土石方資源堆置處理場,新竹縣新豐鄉埔和村19鄰埔頂237之5號,轉運型,私人團體設置土資場,19292.24,0.0,0.0,1146880.0,127050,2023/04/17~2030/04/16,B1、B2-1、B2-2、B2-3、B3、B4、B5、B6、B7,,,NOT_FOUND
46,新竹縣,DTH11782,紘園土石方資源堆置場,新竹縣寶山鄉三叉凸段2554-0000地號等64筆土地,填埋型、轉運型,私人團體設置土資場,109121.0,1800000.0,1020620.1,925000.0,0,2020/08/11~2028/08/10,B1、B2-1、B2-2、B2-3、B3、B4、B5,,,NOT_FOUND
47,新竹縣,DUL02162,才富土石方資源堆置場,新竹縣寶山鄉雞油凸段雞油凸小段328地號等71筆,填埋型,私人團體設置土資場,142212.0,4600000.0,2925950.4,618888.0,0,2021/12/01~2030/01/31,B1、B2-1、B2-2、B2-3、B3、B4、B5,,,NOT_FOUND
48,新竹縣,DAH00022,芎林鄉建潮實業股份有限公司土資場(砂石場),新竹縣芎林鄉永興村富林路一段603號,加工型,私人團體設置土資場,38840.0,0.0,0.0,1764000.0,0,2000/10/26~2030/12/31,B1、B2-1、B2-2、B2-3、B3、B4、B5、B6、B7,,,NOT_FOUND
49,新竹縣,DEL08715,大山土石方既有處理場,新竹縣竹北市縣政九路80號4樓,加工型,私人團體設置土資場,12456.68,0.0,0.0,1600200.0,144000,2005/11/28~2025/11/27,B1、B2-1、B2-2、B2-3、B3、B4、B5、B6、B7,,,NOT_FOUND
50,新竹縣,DEL19676,鼎新土石方資源堆置處理場,新竹縣湖口鄉和興村7鄰和豐路65巷67號,加工型、轉運型,私人團體設置土資場,14144.0,0.0,0.0,792000.0,0,2005/01/11~2029/12/11,B1、B2-1、B2-2、B2-3、B3、B4、B5,,,NOT_FOUND
51,新竹縣,DII14430,詠炬企業股份有限公司,新竹縣竹東鎮雞油林段,加工型,私人團體設置土資場,10986.0,0.0,0.0,781200.0,0,2009/03/30~2029/03/29,B1、B2-1、B2-2、B2-3、B3、B5,,,NOT_FOUND
52,新竹縣,DGB07532,石樺企業股份有限公司(砂石場)兼營土石方資源堆置處理場,新竹縣竹東鎮陸豐里荳子埔72號,加工型,私人團體設置土資場,11698.12,0.0,0.0,825000.0,95256,2007/02/01~2027/01/31,B1、B2-1、B2-2、B2-3、B3、B4、B5、B6、B7,,,NOT_FOUND
53,新竹縣,DFG10424,益廣達實業(股)公司,新竹縣竹北市環北路二段175巷10號,加工型,私人團體設置土資場,11393.0,0.0,0.0,726000.0,0,2006/07/06~2026/07/05,B1、B2-1、B2-2、B2-3、B3、B4、B5、B6、B7,,,NOT_FOUND
54,宜蘭縣,DDI21359,咸臨土石方資源轉運堆置場,宜蘭縣三星鄉中興路167-38號,加工型、轉運型,私人團體設置土資場,1167.0,0.0,0.0,691200.0,0,2023/12/23~2029/02/17,B1、B2-1、B2-2、B2-3、B3、B4、B5,,,NOT_FOUND
55,宜蘭縣,DBI10498,宜蘭縣政府公共造產三星鄉營建剩餘土石方再利用處理場,宜蘭縣宜蘭市縣政北路一號,轉運型,政府公有設置土資場,19104.0,0.0,0.0,120000.0,0,2002/09/03~2027/09/03,B1、B2-1、B2-2、B2-3、B3、B4、B5,,,NOT_FOUND
56,宜蘭縣,DCC19281,宜蘭縣三星鄉勢鴻土石方資源堆置場,宜蘭縣三星鄉安平路三段86號,加工型、轉運型,私人團體設置土資場,11765.44,0.0,0.0,700800.0,0,2023/06/01~2028/05/31,B1、B2-1、B2-2、B2-3、B3、B4、B5,,,NOT_FOUND
57,宜蘭縣,DCD08500,東城土資場,宜蘭縣冬山鄉內城段206-209地號,轉運型,私人團體設置土資場,18164.97,0.0,0.0,576000.0,0,2023/04/07~2028/04/06,B1、B2-1、B2-2、B2-3、B3、B4、B5,,,NOT_FOUND
59,苗栗縣,DDI21395,立順興資源科技股份有限公司,苗栗縣後龍鎮龍坑里十班坑176-12號,加工型,砂石場,8000.0,0.0,0.0,300000.0,0,2021/09/17~2026/09/16,B1、B2-1、B5,,,NOT_FOUND
61,苗栗縣,DEC09451,甲騰企業有限公司,苗栗縣三義鄉鯉魚潭村1鄰鯉魚口1-20號,加工型、轉運型,私人團體設置土資場,56338.67,0.0,0.0,672000.0,0,2022/03/07~2027/03/06,B1、B2-1、B5,,,NOT_FOUND
62,苗栗縣,DFC27397,立益工業股份有限公司,苗栗縣三義鄉伯公坑32-2號,加工型,砂石場,24424.79,0.0,0.0,300000.0,0,2021/02/16~2026/02/15,B1、B2-1、B5,,,NOT_FOUND
63,苗栗縣,DFE15836,福宏土資場股份有限公司,苗栗縣銅鑼鄉中平村20鄰七十份101號,加工型、轉運型,私人團體設置土資場,12890.26,0.0,0.0,600000.0,0,2023/05/09~2028/05/08,B1、B2-1、B2-2、B2-3、B3、B4、B5,,,NOT_FOUND
64,苗栗縣,DGC07023,小山勇開發有限公司,苗栗縣頭屋鄉鳴鳳村1鄰柚子樹坑10號,填埋型、加工型,私人團體設置土資場,95338.0,1235502.0,516482.89,162000.0,0,2021/03/08~2026/03/07,B1、B2-1、B2-2、B2-3、B3、B4、B5,,,NOT_FOUND
65,苗栗縣,DHA07907,恒笙土資場,苗栗縣銅鑼鄉福興村11鄰平陽路77號,加工型、轉運型,私人團體設置土資場,8454.02,0.0,0.0,300000.0,0,2021/12/01~2026/11/30,B1、B2-1、B2-2、B2-3、B3、B4、B5,,,NOT_FOUND
66,苗栗縣,DUK08556,信業企業有限公司,苗栗縣後龍鎮龍坑里松仔腳95-8號,加工型,砂石場,16208.77,0.0,0.0,300000.0,0,2021/10/06~2026/10/05,B1、B2-1、B5,,,NOT_FOUND
67,苗栗縣,DWG21473,長增工程有限公司,苗栗縣後龍鎮龍坑里十班坑176之6號,加工型,砂石場,9917.0,0.0,0.0,300000.0,0,2023/07/12~2028/07/11,B1、B2-1、B5,,,NOT_FOUND
68,苗栗縣,DXH23549,晶發砂石股份有限公司,苗栗縣獅潭鄉竹木村12鄰烏石壁10之3號,加工型,砂石場,41520.0,0.0,0.0,300000.0,0,2024/06/19~2029/09/19,B1、B2-1、B5,,,NOT_FOUND
69,苗栗縣,DPJ17067,佾泰企業股份有限公司,苗栗縣頭份市7鄰下興里74-5號,加工型,土資場兼營混合物,11421.79,0.0,0.0,300000.0,0,2021/09/09~2026/09/08,B1、B2-1、B5,,,NOT_FOUND
70,苗栗縣,DSF11485,正和砂石開發工業股份有限公司,苗栗縣卓蘭鎮大埔園段98.116.120等3筆地號,加工型,砂石場,16666.96,0.0,0.0,300000.0,0,2024/02/19~2029/02/18,B1、B2-1、B5,,,NOT_FOUND
71,苗栗縣,DIF15487,富佑土資場,苗栗縣銅鑼鄉西崗段771地號等15筆土地,加工型、轉運型,私人團體設置土資場,19318.21,0.0,0.0,600000.0,0,2023/04/25~2028/04/24,B1、B2-1、B2-2、B2-3、B3、B4、B5,,,NOT_FOUND
72,台中市,DTE01902,程羽土石方資源堆置處理場,台中市烏日區環河路一段958號,加工型,私人團體設置土資場,12405.11,0.0,0.0,360000.0,0,2020/05/01~2030/04/30,B1、B2-1、B2-2、B2-3、B3、B4、B5,,,NOT_FOUND
73,台中市,DHK25688,麗榮實業有限公司,台中市神岡區溪洲村溪州路498號,加工型,私人團體設置土資場,15299.0,0.0,0.0,336200.0,0,2021/04/25~2026/04/24,B1、B2-1、B2-2、B2-3、B3、B4、B5,,,NOT_FOUND
74,台中市,DIE13961,臺中市豐洲堤防公有土石方資源堆置處理場,台中市神岡區溪洲村堤南路400號,加工型、轉運型,政府公有設置土資場,69545.0,0.0,0.0,720000.0,0,2009/11/16~2030/11/15,B1、B2-1、B2-2、B2-3、B3、B4、B5,,,NOT_FOUND
75,台中市,DGA10962,英銓土石方資源堆置處理場,台中市大里區環河路1段468號,加工型,私人團體設置土資場,4184.45,0.0,0.0,323000.0,0,2007/01/04~2027/12/22,B1、B2-1、B2-2、B2-3、B3、B4、B5,,,NOT_FOUND
76,台中市,DFE26444,大盛土石方資源堆置處理場,台中市龍井區臨港路2段38號,加工型、轉運型,私人團體設置土資場,20111.0,0.0,0.0,1080000.0,0,2006/05/25~2027/05/08,B1、B2-1、B2-2、B2-3、B3、B4、B5,,,NOT_FOUND
77,台中市,DFE01748,陸誠預拌混凝土有限公司土資場,台中市清水區海風里舊庄路23-98號,加工型,私人團體設置土資場,5993.76,0.0,0.0,260000.0,0,2006/04/24~2027/12/22,B1、B2-1、B2-2、B2-3、B3、B4、B5,,,NOT_FOUND
78,台中市,DDF07225,統發營建剩餘土石方資源堆置處理場,台中市南屯區麗水巷1之3號,加工型、轉運型,私人團體設置土資場,12423.0,0.0,0.0,360000.0,0,2024/04/08~2029/04/07,B1、B2-1、B2-2、B2-3、B3、B4、B5,,,NOT_FOUND
79,台中市,DEB22703,東億關連土石方資源堆置處理場,台中市龍井區龍津村蚵寮路255巷52號,加工型、轉運型,私人團體設置土資場,12217.0,0.0,0.0,352800.0,0,2005/02/02~2027/12/22,B1、B2-1、B2-2、B2-3、B3、B4、B5,,,NOT_FOUND
80,台中市,DBH07203,強琳環保工程有限公司,台中市北屯區建功巷29-9號,加工型,私人團體設置土資場,10194.0,0.0,0.0,360000.0,0,2020/04/01~2030/03/31,B1、B2-1、B2-2、B2-3、B3、B4、B5,,,NOT_FOUND
81,台中市,DCK08424,寶仁營建剩餘土石方資源堆置處理場(寶仁土石開發股份有限公司),台中市南屯區麗水巷1之5號,加工型、轉運型,私人團體設置土資場,11803.0,0.0,0.0,360000.0,0,2018/11/05~2028/11/04,B1、B2-1、B2-2、B2-3、B3、B4、B5,,,NOT_FOUND
82,彰化縣,DUE12104,祥俊環保事業股份有限公司,彰化縣鹿港鎮工業西七路13號,加工型,私人團體設置土資場,11350.15,0.0,0.0,360000.0,0,2021/05/06~2026/05/05,B1、B2-1、B2-2、B2-3、B3、B4、B5、B6、B7,,,NOT_FOUND
83,彰化縣,DKB09392,陞曜環保科技股份有限公司,彰化縣芳苑鄉芳漢路永興段683號,加工型,私人團體設置土資場,12334.0,0.0,0.0,316800.0,0,2021/01/19~2026/01/18,B1、B2-1、B2-2、B2-3、B3、B4、B5,,,NOT_FOUND
84,彰化縣,DYG14694,鐿豐資源科技股份有限公司,彰化縣鹿港鎮海埔里鹿科路七號,加工型,私人團體設置土資場,28005.04,0.0,0.0,179633.0,0,2025/06/16~2030/06/15,B1、B2-1、B2-2、B2-3、B3、B4、B5,,,NOT_FOUND
85,雲林縣,DXK22700,順修企業社,雲林縣褒忠鄉中正路14-12號,加工型,私人團體設置土資場,3000.0,0.0,0.0,280000.0,280000,2024/11/01~2025/09/06,B1、B2-1、B2-2、B2-3、B3、B4、B5、B6、B7,,,NOT_FOUND
86,雲林縣,DYC04922,銓浥土石方資源堆置場,雲林縣斗六市梅林里梅庄路88號,加工型,私人團體設置土資場,15160.0,0.0,0.0,280000.0,0,2022/12/06~2027/12/06,B1、B2-1、B2-2、B2-3、B3、B4、B5、B6、B7,,,NOT_FOUND
87,雲林縣,DYC14643,申詠砂石行,雲林縣斗六市石榴路369巷101號-1,加工型、轉運型,私人團體設置土資場,6096.06,0.0,0.0,280000.0,0,2025/04/03~2028/04/03,B1、B2-1、B2-2、B5,,,NOT_FOUND
88,雲林縣,DNB07466,英棟土石方資源堆置處理場,雲林縣四湖鄉四湖村關聖路10之2號,轉運型,私人團體設置土資場,16318.5,0.0,0.0,600000.0,0,2020/07/17~2026/07/15,B1、B2-1、B2-2、B2-3、B3、B4、B5、B6,,,NOT_FOUND
89,雲林縣,DRA11616,宇盛國際土石方資源堆置處理場,雲林縣麥寮鄉海豐村忠和10-20號,加工型、轉運型,私人團體設置土資場,12110.92,0.0,0.0,336000.0,0,2018/01/04~2026/01/03,B1、B2-1、B2-2、B2-3、B3、B4、B5、B6、B7,,,NOT_FOUND
90,雲林縣,DII28198,世全建業有限公司土石方資源堆置轉運處理場,雲林縣林內鄉九芎村大埔4之60號,加工型,私人團體設置土資場,10306.81,0.0,0.0,1080000.0,1080000,2019/06/17~2028/06/16,B1、B2-1、B2-2、B2-3、B3、B4、B5、B6、B7,,,NOT_FOUND
92,南投縣,DLA05116,勝輝土資工程有限公司,南投縣竹山鎮延正里江西路38-12號,加工型、轉運型,私人團體設置土資場,17689.39,0.0,0.0,211200.0,0,2012/01/02~2027/01/01,B1、B2-1、B2-2、B2-3、B3、B4、B5、B6、B7,,,NOT_FOUND
93,嘉義縣,DJL31029,坤暉有限公司,嘉義縣鹿草鄉後堀村山子腳51號,轉運型,私人團體設置土資場,11750.0,0.0,0.0,356400.0,0,2024/09/01~2027/08/31,B1、B2-1、B2-2、B2-3、B3、B4、B5、B6,,,NOT_FOUND
94,嘉義縣,DFI26679,茂發企業社營建剩餘土石方堆置場,嘉義縣新港鄉大興村中正路229號1樓,填埋型、轉運型,私人團體設置土資場,19384.0,109999.72,31217.0,730000.0,0,2014/08/31~2030/01/01,B1、B2-1、B2-2、B2-3、B3、B4、B5、B6、B7,,,NOT_FOUND
95,台南市,DFI29987,宏輝科技工程股份有限公司,台南市柳營區重溪里五軍營37號之7,加工型、轉運型,私人團體設置土資場,16009.0,0.0,0.0,350000.0,0,2021/10/11~2026/10/10,B1、B2-1、B2-2、B2-3、B3、B4、B5,,,NOT_FOUND
96,台南市,DFH08697,科工土石方資源堆置處理場,台南市安南區安明路四段100號,填埋型、加工型、轉運型,私人團體設置土資場,10529.0,35000.0,0.0,360000.0,0,2021/08/02~2026/08/01,B1、B2-1、B2-2、B2-3、B3、B4、B5、B6、B7,,,NOT_FOUND
97,台南市,DHC11984,隆宇永續科技有限公司,台南市麻豆區海埔里埤子尾52-3號,加工型、轉運型,私人團體設置土資場,17953.42,0.0,0.0,360000.0,0,2022/10/27~2027/10/26,B1、B2-1、B2-2、B2-3、B3、B4、B5、B6、B7,,,NOT_FOUND
98,台南市,DNF04025,新又昌企業社,台南市仁德區中生里1鄰中洲路1377號,加工型、轉運型,私人團體設置土資場,15518.0,0.0,0.0,300000.0,0,2024/07/16~2029/07/15,B1、B2-1、B2-2、B2-3、B3、B4、B5,,,NOT_FOUND
99,台南市,DOL22572,上鼎開發建設股份有限公司,台南市安定區光榮段735等15筆土地,加工型,私人團體設置土資場,1387.271,0.0,0.0,280000.0,0,2025/12/23~2030/12/22,B1、B2-1、B2-2、B2-3、B3、B4、B5,,,NOT_FOUND
100,台南市,DRG03545,博全工程開發有限公司,台南市安南區城西段585.586等2筆地號,加工型,私人團體設置土資場,11893.31,0.0,0.0,260100.0,0,2023/12/06~2028/12/05,B1、B2-1、B2-2、B2-3、B3、B4、B5、B6、B7,,,NOT_FOUND
101,台南市,DXK22258,富勝寶土石方資源堆置處理場,台南市安南區安義路一段28號,轉運型,私人團體設置土資場,11078.84,0.0,0.0,288000.0,0,2024/11/07~2029/11/06,B1、B2-1、B2-2、B2-3、B3、B4、B5、B6、B7,,,NOT_FOUND
102,台南市,DVL29204,欣鴻環保有限公司,台南市七股區永吉里永吉100-3號,轉運型,私人團體設置土資場,10035.45,0.0,0.0,297000.0,0,2022/12/28~2027/12/27,B1、B2-1、B2-2、B2-3、B3、B4、B5、B6,,,NOT_FOUND
103,台南市,DYG21839,大楹工程有限公司,台南市七股區篤加1-60號,加工型、轉運型,私人團體設置土資場,0.0,0.0,0.0,180000.0,108000,2025/07/04~2030/07/03,B1、B2-1、B2-2、B2-3、B3、B4、B5、B6、B7,,,NOT_FOUND
104,台南市,DYD28716,太堡有限公司,台南市關廟區深坑子段,加工型、轉運型,私人團體設置土資場,15516.0,0.0,0.0,352800.0,352800,2025/04/18~2030/04/17,B1、B2-1、B2-2、B2-3、B3、B4、B5、B6、B7,,,NOT_FOUND
105,高雄市,DYK10421,勇翔土石方堆置處理場,高雄市燕巢區瓊林里瓊安段,加工型,土資場兼營混合物,19870.56,0.0,0.0,1310400.0,0,2025/11/07~2030/11/06,B1、B2-1、B2-2、B2-3、B3、B4、B5、B6、B7,22.7887517,120.3361905,OK
106,高雄市,DUL17162,(新)新世紀環保服務土石方資源堆置處理場,高雄市仁武區水管路三段677號,加工型、轉運型,私人團體設置土資場,10000.0,0.0,0.0,1260000.0,0,2021/12/17~2026/12/16,B1、B2-1、B2-2、B2-3、B3、B4、B5、B6、B7,,,NOT_FOUND
107,高雄市,DUL17027,(新)光彌土石方資源堆置處理場,高雄市仁武區環湖路100號,加工型、轉運型,私人團體設置土資場,10000.0,0.0,0.0,1347840.0,0,2021/12/17~2026/12/16,B1、B2-1、B2-2、B2-3、B3、B4、B5、B6、B7,,,NOT_FOUND
108,高雄市,DWK07282,傑森資源開發有限公司,高雄市田寮區西德段1175、1175-1,填埋型、加工型、轉運型,私人團體設置土資場,19200.31,80528.0,80036.0,1375920.0,0,2023/10/24~2028/10/23,B1、B2-1、B2-2、B2-3、B3、B4、B5、B6、B7,,,NOT_FOUND
109,高雄市,DXE22000,寰宇土石方資源堆置處理場,高雄市仁武區水管路三段537號,加工型、轉運型,土資場兼營混合物,10000.0,0.0,0.0,876000.0,0,2024/05/29~2029/05/28,B1、B2-1、B2-2、B2-3、B3、B4、B5、B6、B7,,,NOT_FOUND
110,高雄市,DXF03455,永和源企業有限公司,高雄市仁武區灣內四巷,加工型、轉運型,土資場兼營混合物,0.0,0.0,0.0,1310400.0,0,2024/05/31~2029/05/30,B1、B2-1、B2-2、B2-3、B3、B4、B5、B6、B7,,,NOT_FOUND
111,高雄市,DQK23559,岩泰土資場,高雄市仁武區仁林路148-1號,加工型、轉運型,私人團體設置土資場,11495.0,0.0,0.0,748800.0,0,2022/06/09~2027/06/08,B1、B2-1、B2-2、B2-3、B3、B4、B5、B6、B7,,,NOT_FOUND
112,高雄市,DFE05537,綠洲土石方資源堆置場,高雄市仁武區灣勢段5號及5-1號地號,加工型、轉運型,私人團體設置土資場,20195.8,0.0,0.0,1260000.0,0,2024/01/01~2029/01/01,B1、B2-1、B2-2、B2-3、B3、B4、B5、B6、B7,,,NOT_FOUND
113,高雄市,DAJ08182,梓官區螢建土石方資源堆置場,高雄市梓官區四維路自強巷48號,加工型、轉運型,私人團體設置土資場,11143.95,0.0,0.0,951000.0,0,2020/09/14~2025/09/13,B1、B2-1、B2-2、B2-3、B3、B4、B5、B6、B7,,,NOT_FOUND
114,高雄市,DAK28333,湖內區古板土石方資源堆置場,高雄市湖內區海山村和平路19-5號,加工型、轉運型,私人團體設置土資場,12432.52,0.0,0.0,907200.0,0,2022/11/20~2027/11/19,B1、B2-1、B2-2、B2-3、B3、B4、B5、B6、B7,,,NOT_FOUND
115,高雄市,DAH00009,田寮區宜鼎棄土場,高雄市,填埋型,私人團體設置土資場,56716.0,1700000.0,107497.0,0.0,0,2023/04/28~2028/04/27,B1、B2-1、B2-2、B2-3、B3、B4、B5、B6、B7,22.6203348,120.3120375,OK
116,高雄市,DDE24213,燕巢區京福土石方資源堆置處理場,高雄市燕巢鄉燕巢區深水村大成路111號,加工型、轉運型,私人團體設置土資場,12840.0,0.0,0.0,868000.0,0,2022/05/17~2027/05/16,B1、B2-1、B2-2、B2-3、B3、B4、B5、B6、B7,,,NOT_FOUND
117,高雄市,DFD20942,岡山區展聯土石方資源堆置場(展聯股份有限公司),高雄市岡山區中崙寮路6號,填埋型、加工型、轉運型,私人團體設置土資場,53509.53,201780.6,201780.6,1296000.0,0,2024/09/03~2029/09/02,B1、B2-1、B2-2、B2-3、B3、B4、B5、B6、B7,,,NOT_FOUND
119,澎湖縣,DBI04319,七美土資場,澎湖縣七美鄉五段125.122.140.123.124.2260.2261等7筆地號,填埋型,政府公有設置土資場,15000.0,0.0,0.0,12000.0,0,2002/09/04~2028/09/01,B1、B2-1、B2-2、B2-3、B3、B4、B5,,,NOT_FOUND
120,澎湖縣,DQK27643,將軍土資場,澎湖縣望安鄉將軍澳段112-1等7筆,填埋型,政府公有設置土資場,15917.0,0.0,0.0,12000.0,0,2017/05/11~2027/05/11,B1、B2-1、B2-2、B2-3、B3、B4、B5,,,NOT_FOUND
121,澎湖縣,DTL07555,立海環保有限公司土石方資源堆置處理場,澎湖縣馬公市烏崁里320號,加工型、轉運型,私人團體設置土資場,6501.1,0.0,0.0,144000.0,0,2020/10/06~2025/10/06,B1、B2-1、B2-2、B5,,,NOT_FOUND
122,澎湖縣,DTL11765,名隆土石方資源堆置處理場,澎湖縣馬公市興仁里,加工型、轉運型,私人團體設置土資場,8469.45,0.0,0.0,105600.0,0,2021/02/01~2026/01/31,B1、B2-1、B2-2、B2-3、B4、B5,23.5458627,119.6082717,OK
123,澎湖縣,DUE05795,井垵坑洞剩餘土石方收容回填場,澎湖縣馬公市井垵西段1418地號等14筆土地,填埋型,政府公有設置土資場,12700.09,60000.0,20000.0,23023.0,0,2021/05/05~2026/05/05,B1、B2-1、B2-2、B2-3、B3、B4、B5,,,NOT_FOUND
124,澎湖縣,DOK11235,吉貝土資場,澎湖縣白沙鄉吉貝東段710等9筆地號土地,填埋型,政府公有設置土資場,9046.09,0.0,0.0,12000.0,0,2015/11/09~2028/11/09,B1、B2-1、B2-2、B2-3、B3、B4、B5,,,NOT_FOUND
125,澎湖縣,DLK29727,赤崁坑洞剩餘土石方收容回填場,澎湖縣白沙鄉赤崁西段987等10筆地號土地,填埋型,政府公有設置土資場,4160.0,90000.0,14000.0,42247.0,0,2012/08/23~2026/12/31,B1、B2-1、B2-2、B2-3、B3、B4、B5,,,NOT_FOUND
126,屏東縣,DBF11693,協震有限公司(營建剩餘土石方資源堆置處理場),屏東縣里港鄉三廍村江南巷40號,加工型,土資場兼營混合物,22833.0,0.0,0.0,1400000.0,0,2002/06/06~2027/01/30,B1、B2-1、B2-2、B2-3、B3、B4、B5、B6、B7,,,NOT_FOUND
127,屏東縣,DGJ04009,嘉益土資場有限公司,屏東縣崁頂鄉後壁路151號,轉運型,土資場兼營混合物,4764.77,0.0,0.0,316800.0,316800,2024/10/03~2029/10/02,B1、B2-1、B2-2、B2-3、B3、B4、B5、B6、B7,,,NOT_FOUND
128,屏東縣,DII30856,萬川營建剩餘土石方資源堆置場,屏東縣萬巒鄉,轉運型,私人團體設置土資場,2962.5,0.0,0.0,316800.0,0,2023/09/24~2026/09/23,B1、B2-1、B2-2、B2-3、B3、B4、B5、B6、B7,22.572919,120.56812,OK
129,花蓮縣,DIK30793,展信實業有限公司,花蓮縣玉里鎮大禹里大禹202-4號,加工型,砂石場,18546.6,0.0,0.0,200000.0,0,2024/01/23~2027/01/22,B1、B2-1、B2-2、B5,,,NOT_FOUND
130,花蓮縣,DEC02757,威神企業有限公司,花蓮縣吉安鄉光華村6鄰華城6街35號,加工型,砂石場,21500.0,0.0,0.0,250000.0,0,2025/01/20~2028/01/19,B1、B2-1、B2-2、B2-3、B3、B4、B5、B6、B7,,,NOT_FOUND
131,花蓮縣,DYL10883,新展東股份有限公司,花蓮縣秀林鄉和平村和平30之16號,加工型,私人團體設置土資場,15223.35,0.0,0.0,247500.0,247500,2025/12/10~2028/12/09,B1、B2-1、B2-2、B2-3、B3、B4、B5、B6,,,NOT_FOUND
133,花蓮縣,DYJ21587,聯發企業,花蓮縣吉安鄉光華村華工五路9號,加工型,土石碎解洗選場,24159.52,0.0,0.0,200000.0,0,2025/10/13~2028/10/12,B1、B2-1、B2-2、B2-3、B3、B4、B5、B6,,,NOT_FOUND
134,台東縣,DWI01985,再生實業社,台東縣卑南鄉泰安村泰安350-35號,加工型、轉運型,私人團體設置土資場,11783.9,0.0,0.0,21260.34,0,2023/08/24~2028/08/23,B1、B2-1、B2-2、B2-3、B3、B4、B5、B6、B7,,,NOT_FOUND
135,台東縣,DUI01454,再興土石方資源處理有限公司,台東縣卑南鄉明峰村20鄰27號,加工型、轉運型,私人團體設置土資場,11581.57,0.0,0.0,240000.0,0,2021/08/25~2026/08/24,B1、B2-1、B2-2、B2-3、B3、B4、B5,,,NOT_FOUND
136,台東縣,DDB25980,澄憶土石方資源堆置場,台東縣台東市中華路二段705號,加工型、轉運型,私人團體設置土資場,13361.0,0.0,0.0,194400.0,0,2024/04/16~2029/04/16,B1、B2-1、B2-2、B2-3、B3、B4、B5、B6、B7,,,NOT_FOUND
137,台東縣,DFE10611,上勇開發有限公司,台東縣台東市中興路四段2巷165號,加工型、轉運型,私人團體設置土資場,8864.52,0.0,0.0,480000.0,0,2006/03/20~2026/03/19,B1、B2-1、B2-2、B2-3、B3、B4、B5、B6、B7,,,NOT_FOUND
138,金門縣,DIE15383,金三榮土石方資源堆置處理場,金門縣金湖鎮三谿橋12-2號,加工型、轉運型,私人團體設置土資場,20461.96,0.0,0.0,150000.0,0,2025/11/23~2028/11/22,B1、B2-1、B2-2、B2-3、B3、B4、B5,,,NOT_FOUND
139,金門縣,DNE22751,白乳山土石方資源堆置處理場,金門縣金寧鄉環島南路二段350巷5-1號,填埋型,政府公有設置土資場,90000.0,244000.0,140000.0,244000.0,244000,2014/04/15~2027/12/31,B1、B2-1、B2-2、B2-3、B3、B4、B5,,,NOT_FOUND
140,連江縣(馬祖),DFD03920,連江縣南竿鄉營建土資場,連江縣馬祖南竿鄉復興段90號,加工型、轉運型,政府公有設置土資場,17978.0,0.0,0.0,200000.0,0,2006/04/03~2030/12/31,B1、B2-1、B2-2、B2-3、B3、B4、B5,,,NOT_FOUND
